id,label
crossbones,Crossbones
rocket-racoon,Rocket Raccoon
star-lord,Star-Lord
groot,Groot
thanos,Thanos
minn-erva,Minn-Erva
drax,Drax
gamora,Gamora
mantis,Mantis
ronan-the-accuser,Ronan the Accuser
kree-oracle,Kree Oracle
war-machine,War Machine
kree-noble,Kree Noble
kree-royal-guard,Kree Royal Guard
wolverine,Wolverine
iron-fist,Iron Fist
luke-cage,Luke Cage
scarlet-witch,Scarlet Witch
yondu,Yondu
jessica-jones,Jessica Jones
daredevil,Daredevil
vision,Vision
hulk,Hulk
punisher,Punisher
shield-security,S.H.I.E.L.D. Security
captain-marvel,Captain Marvel
kree-cyborg,Kree Cyborg
quake,Quake
ravager-boomer,Ravager Boomer
kree-reaper,Kree Reaper
night-nurse,Night Nurse
shield-trooper,S.H.I.E.L.D. Trooper
hydra-sniper,Hydra Sniper
green-goblin,Green Goblin
hand-assassin,Hand Assassin
kingpin,Kingpin
pyro,Pyro
hand-sentry,Hand Sentry
nobu,Nobu
elektra,Elektra
deadpool,Deadpool
hand-archer,Hand Archer
rescue,Rescue
ravager-bruiser,Ravager Bruiser
ravager-stitcher,Ravager Stitcher
hand-sorceress,Hand Sorceress
killmonger,Killmonger
korath-the-pursuer,Korath the Pursuer
spider-man,Spider-Man
miss-marvel,Ms. Marvel
shield-medic,S.H.I.E.L.D. Medic
mysterio,Mysterio
mercenary-sniper,Mercenary Sniper
carnage,Carnage
vulture,Vulture
black-panther,Black Panther
shield-operative,S.H.I.E.L.D. Operative
mercenary-riot-guard,Mercenary Riot Guard
hawkeye,Hawkeye
hydra-scientist,Hydra Scientist
mercenary-soldier,Mercenary soldier
mordo,Mordo
nebula,Nebula
thor,Thor
black-widow,Black Widow
storm,Storm
mystique,Mystique
hydra-rifle-trooper,Hydra Rifle Trooper
shield-assault,S.H.I.E.L.D. Assault
hydra-grenadier,Hydra Grenadier
loki,Loki
the-thing,The Thing
falcon,Falcon
aim-researcher,A.I.M. Researcher
scientist-supreme,Scientist Supreme
venom,Venom
sabretooth,Sabretooth
doctor-strange,Doctor Strange
america-chavez,America Chavez
psylocke,Psylocke
aim-assaulter,A.I.M. Assaulter
mister-fantastic,Mister Fantastic
bullseye,Bullseye
mercenary-lieutenant,Mercenary Lieutenant
hydra-armored-guard,Hydra Armored Guard
human-torch,Human Torch
okoye,Okoye
shocker,Shocker
aim-monstruosity,A.I.M. Monstrosity
aim-infector,A.I.M. Infector
ant-man,Ant-Man
spider-man-miles,Spider-Man (Miles)
winter-soldier,Winter Soldier
aim-security,A.I.M. Security
hand-blademaster,Hand Blademaster
mbaku,M'Baku
rhino,Rhino
cable,Cable
juggernaut,Juggernaut
cyclops,Cyclops
red-skull,Red Skull
magneto,Magneto
yoyo,Yoyo
ultron,Ultron
mister-sinister,Mister Sinister
invisible-woman,Invisible Woman
karnak,Karnak
phoenix,Phoenix
heimdall,Heimdall
iron-man,Iron Man
nick-fury,Nick Fury
ghost-rider,Ghost Rider
graviton,Graviton
captain-america,Captain America
namor,Namor
colossus,Colossus
ultimus,Ultimus
black-bolt,Black Bolt
sif,Sif
ironheart,Ironheart
spider-man-symbiote,Spider-Man (Symbiote)
coulson,Agent Coulson
hela,Hela
elsa-bloodstone,Elsa Bloodstone
crystal,Crystal
toad,Toad
stryfe,Stryfe
wasp,Wasp
shuri,Shuri
blob,Blob
